frame,time,hi,hi,Total Solar,+x,-x,+y,-y,RF,Clk,Batt Discharge,Batt V,H-Batt V,Batt Charge,Batt Temp,Baseplate Temp,PA Temp,+x F,+z F,5a,5b,5c,5d,6a,6b,6c,6d
0,07:45:07,hi,hi,413.0,-10,-10,-10,-10,0.0008000000000008001,23.759999999999998,-40,8.600000000000001,5.0,0.0,95.8,30.679999999999993,95.8,95.8,95.8,95.8,0.0,95.8,11.0,0,0.0,0.0,50
1,07:45:12,hi,hi,413.0,-10,-10,-10,-10,0.0008000000000008001,23.759999999999998,-40,8.700000000000001,5.0,0.0,95.8,30.679999999999993,95.8,95.8,95.8,95.8,0.0,95.8,11.0,0,0.0,0.0,49
